dataset,dataset_role,model,checkpoint,run_id,perturbation,artifact_label,group,role,strength,mean_cosine_distance,median_cosine_distance,cosine_distance_ci_lower,cosine_distance_ci_upper,linear_probe_original_accuracy,linear_probe_perturbed_accuracy,linear_probe_accuracy_drop,linear_probe_accuracy_drop_ci_lower,linear_probe_accuracy_drop_ci_upper,correct_to_incorrect_rate,correct_to_incorrect_ci_lower,correct_to_incorrect_ci_upper,knn_k,knn_accuracy_drop,knn_prediction_change_rate
SSV2,motion-oriented,VideoMAE,MCG-NJU/videomae-base,ssv2-c50-train100-heldout30-videomae-base-frozen-linear-probe,temporal_shuffle,temporal-shuffle-mid,motion,fixed_mid,,0.0230212714523077,0.013152748346328735,0.021699577569961548,0.02445681206882,0.25066667795181274,0.07400000095367432,0.17666666209697723,0.15533334016799927,0.19868335127830505,0.19733333587646484,0.1779833436012268,0.2173333317041397,5,0.04599999999999999,0.826
SSV2,motion-oriented,VideoMAE,MCG-NJU/videomae-base,ssv2-c50-train100-heldout30-videomae-base-frozen-linear-probe,freeze_tail,freeze-tail-low,motion,curve,low,0.0010385859059169888,0.0005404949188232422,0.0009584773797541857,0.0011197057319805026,0.25066667795181274,0.23000000417232513,0.020666666328907013,0.00800000037997961,0.03333333507180214,0.03999999910593033,0.029999999329447746,0.05066666752099991,5,0.01266666666666666,0.35
SSV2,motion-oriented,VideoMAE,MCG-NJU/videomae-base,ssv2-c50-train100-heldout30-videomae-base-frozen-linear-probe,freeze_tail,freeze-tail-mid,motion,curve,mid,0.004983745981007814,0.0029893815517425537,0.004657945595681667,0.00533163920044899,0.25066667795181274,0.2006666660308838,0.05000000074505806,0.03200000151991844,0.06801668554544449,0.08733333647251129,0.073983334004879,0.10266666859388351,5,0.03599999999999999,0.6426666666666667
SSV2,motion-oriented,VideoMAE,MCG-NJU/videomae-base,ssv2-c50-train100-heldout30-videomae-base-frozen-linear-probe,freeze_tail,freeze-tail-high,motion,curve,high,0.012560552917420864,0.008215606212615967,0.011856808327138424,0.01330490130931139,0.25066667795181274,0.13333334028720856,0.11733333021402359,0.0973166674375534,0.1393333375453949,0.15266667306423187,0.13600000739097595,0.1720000058412552,5,0.06266666666666666,0.8313333333333334
SSV2,motion-oriented,VideoMAE,MCG-NJU/videomae-base,ssv2-c50-train100-heldout30-videomae-base-frozen-linear-probe,color_transform,color-low,appearance,curve,low,1.3695160987481358e-06,9.5367431640625e-07,1.2975107210877468e-06,1.4438123798754532e-06,0.25066667795181274,0.25,0.0006666666595265269,-0.0026666666381061077,0.004000000189989805,0.0026666666381061077,0.0006500002346001565,0.005333333276212215,5,0.0,0.018
SSV2,motion-oriented,VideoMAE,MCG-NJU/videomae-base,ssv2-c50-train100-heldout30-videomae-base-frozen-linear-probe,color_transform,color-mid,appearance,curve,mid,3.047112659260165e-05,2.6285648345947266e-05,2.955399759230204e-05,3.131029006908648e-05,0.25066667795181274,0.24933333694934845,0.0013333333190530539,-0.004666666500270367,0.007333333138376474,0.007333333138376474,0.0033333334140479565,0.012000000104308128,5,0.0006666666666666626,0.07733333333333334
SSV2,motion-oriented,VideoMAE,MCG-NJU/videomae-base,ssv2-c50-train100-heldout30-videomae-base-frozen-linear-probe,color_transform,color-high,appearance,curve,high,0.0002882300177589059,0.00025281310081481934,0.0002803936949931085,0.0002956876123789698,0.25066667795181274,0.2433333396911621,0.007333333138376474,-0.004666666500270367,0.017999999225139618,0.030666666105389595,0.02199999988079071,0.03933333232998848,5,-0.004666666666666666,0.19066666666666668
SSV2,motion-oriented,VideoMAE,MCG-NJU/videomae-base,ssv2-c50-train100-heldout30-videomae-base-frozen-linear-probe,spatial_blur,spatial-blur-mid,appearance,fixed_mid,,0.006473261397331953,0.006152927875518799,0.006320514716207981,0.006639524362981319,0.25066667795181274,0.22333332896232605,0.0273333340883255,0.007333333138376474,0.04600000008940697,0.0833333358168602,0.07000000029802322,0.09733333438634872,5,0.006666666666666668,0.7673333333333333
UCF101,appearance-rich / context-correlated contrast,VideoMAE,MCG-NJU/videomae-base,ucf101-c50-train100-heldout30-videomae-base-frozen-linear-probe,temporal_shuffle,temporal-shuffle-mid,motion,fixed_mid,,0.012222028337419033,0.0036659538745880127,0.011235576122999191,0.013251151889562607,0.8533333539962769,0.6039999723434448,0.24933333694934845,0.22466666996479034,0.27401667833328247,0.2800000011920929,0.25733333826065063,0.3019999861717224,5,0.10533333333333328,0.22066666666666668
UCF101,appearance-rich / context-correlated contrast,VideoMAE,MCG-NJU/videomae-base,ucf101-c50-train100-heldout30-videomae-base-frozen-linear-probe,freeze_tail,freeze-tail-low,motion,curve,low,0.0004284123133402318,0.00012919306755065918,0.0003877002454828471,0.0004763873293995857,0.8533333539962769,0.8460000157356262,0.007333333138376474,-0.0020000000949949026,0.01666666753590107,0.02133333310484886,0.014666666276752949,0.029333332553505898,5,0.009333333333333305,0.06133333333333333
UCF101,appearance-rich / context-correlated contrast,VideoMAE,MCG-NJU/videomae-base,ucf101-c50-train100-heldout30-videomae-base-frozen-linear-probe,freeze_tail,freeze-tail-mid,motion,curve,mid,0.002367745153605938,0.0008627176284790039,0.002139584394171834,0.002622907515615225,0.8533333539962769,0.809333324432373,0.04399999976158142,0.029333332553505898,0.058666665107011795,0.06800000369548798,0.05533333495259285,0.08133333176374435,5,0.04066666666666663,0.13866666666666666
UCF101,appearance-rich / context-correlated contrast,VideoMAE,MCG-NJU/videomae-base,ucf101-c50-train100-heldout30-videomae-base-frozen-linear-probe,freeze_tail,freeze-tail-high,motion,curve,high,0.006342071108520031,0.0025649964809417725,0.005806900095194578,0.006944841705262661,0.8533333539962769,0.7193333506584167,0.1340000033378601,0.11266666650772095,0.15333333611488342,0.16333332657814026,0.14531667530536652,0.18201668560504913,5,0.15333333333333332,0.284
UCF101,appearance-rich / context-correlated contrast,VideoMAE,MCG-NJU/videomae-base,ucf101-c50-train100-heldout30-videomae-base-frozen-linear-probe,color_transform,color-low,appearance,curve,low,1.9597212030930677e-06,1.2516975402832031e-06,1.782190793164773e-06,2.1611313059111126e-06,0.8533333539962769,0.8513333201408386,0.0020000000949949026,-0.0013333333190530539,0.005333333276212215,0.0033333334140479565,0.0006666666595265269,0.006666666828095913,5,0.0020000000000000018,0.005333333333333333
UCF101,appearance-rich / context-correlated contrast,VideoMAE,MCG-NJU/videomae-base,ucf101-c50-train100-heldout30-videomae-base-frozen-linear-probe,color_transform,color-mid,appearance,curve,mid,4.8263191274600103e-05,3.820657730102539e-05,4.633853313862346e-05,5.027335282647982e-05,0.8533333539962769,0.8433333039283752,0.009999999776482582,0.0033333334140479565,0.017999999225139618,0.01666666753590107,0.01066666655242443,0.023333333432674408,5,0.0,0.023333333333333334
UCF101,appearance-rich / context-correlated contrast,VideoMAE,MCG-NJU/videomae-base,ucf101-c50-train100-heldout30-videomae-base-frozen-linear-probe,color_transform,color-high,appearance,curve,high,0.00047753489343449473,0.00038620829582214355,0.00046218623174354434,0.000493413710501045,0.8533333539962769,0.79666668176651,0.05666666850447655,0.04266666620969772,0.07066666334867477,0.06933332979679108,0.05666666850447655,0.0820000022649765,5,0.0086666666666666,0.06266666666666666
UCF101,appearance-rich / context-correlated contrast,VideoMAE,MCG-NJU/videomae-base,ucf101-c50-train100-heldout30-videomae-base-frozen-linear-probe,spatial_blur,spatial-blur-mid,appearance,fixed_mid,,0.009448105469346046,0.009189218282699585,0.00928155705332756,0.009602113626897335,0.8533333539962769,0.5613333582878113,0.2919999957084656,0.26733332872390747,0.3180166780948639,0.31333333253860474,0.2906666696071625,0.3373333215713501,5,0.252,0.416
Diving48,fine-grained motion / pose contrast,VideoMAE,MCG-NJU/videomae-base,diving48-c32-train50-heldout15-videomae-base-frozen-linear-probe,temporal_shuffle,temporal-shuffle-mid,motion,fixed_mid,,0.08018187433481216,0.07922008633613586,0.07479456812143326,0.0853593647480011,0.07500000298023224,0.03750000149011612,0.03750000149011612,0.014531251043081284,0.06458333134651184,0.05833333358168602,0.03958333283662796,0.08124999701976776,5,-0.008333333333333331,0.84375
Diving48,fine-grained motion / pose contrast,VideoMAE,MCG-NJU/videomae-base,diving48-c32-train50-heldout15-videomae-base-frozen-linear-probe,freeze_tail,freeze-tail-low,motion,curve,low,0.003937073051929474,0.0031009912490844727,0.003654013853520155,0.004237883724272251,0.07500000298023224,0.0729166641831398,0.0020833334419876337,-0.014583333395421505,0.01875000074505806,0.01875000074505806,0.008333333767950535,0.03125,5,-0.012500000000000004,0.5833333333333334
Diving48,fine-grained motion / pose contrast,VideoMAE,MCG-NJU/videomae-base,diving48-c32-train50-heldout15-videomae-base-frozen-linear-probe,freeze_tail,freeze-tail-mid,motion,curve,mid,0.023549627512693405,0.015360653400421143,0.021803000941872597,0.02550908736884594,0.07500000298023224,0.06666667014360428,0.008333333767950535,-0.012500000186264515,0.03125,0.03333333507180214,0.01875000074505806,0.0520833320915699,5,-0.006249999999999999,0.8166666666666667
Diving48,fine-grained motion / pose contrast,VideoMAE,MCG-NJU/videomae-base,diving48-c32-train50-heldout15-videomae-base-frozen-linear-probe,freeze_tail,freeze-tail-high,motion,curve,high,0.056811247020959854,0.03634601831436157,0.05261361598968506,0.061089739203453064,0.07500000298023224,0.03541666641831398,0.03958333283662796,0.012500000186264515,0.06666667014360428,0.0625,0.043697915971279144,0.08541666716337204,5,-0.002083333333333333,0.9083333333333333
Diving48,fine-grained motion / pose contrast,VideoMAE,MCG-NJU/videomae-base,diving48-c32-train50-heldout15-videomae-base-frozen-linear-probe,color_transform,color-low,appearance,curve,low,6.778786314498575e-07,4.76837158203125e-07,6.162809995657881e-07,7.448159067280358e-07,0.07500000298023224,0.07708333432674408,-0.0020833334419876337,-0.0062500000931322575,0.0,0.0,0.0,0.0,5,-0.002083333333333333,0.0125
Diving48,fine-grained motion / pose contrast,VideoMAE,MCG-NJU/videomae-base,diving48-c32-train50-heldout15-videomae-base-frozen-linear-probe,color_transform,color-mid,appearance,curve,mid,2.3596609025844373e-05,2.1070241928100586e-05,2.269653487019241e-05,2.4524573746020906e-05,0.07500000298023224,0.06875000149011612,0.0062500000931322575,-0.004218749236315489,0.01875000074505806,0.012500000186264515,0.004166666883975267,0.02291666716337204,5,0.0,0.06041666666666667
Diving48,fine-grained motion / pose contrast,VideoMAE,MCG-NJU/videomae-base,diving48-c32-train50-heldout15-videomae-base-frozen-linear-probe,color_transform,color-high,appearance,curve,high,0.00022368902864400297,0.00019252300262451172,0.00021448613551910967,0.00023305704235099256,0.07500000298023224,0.07500000298023224,0.0,-0.01666666753590107,0.01666666753590107,0.01666666753590107,0.0062500000931322575,0.02916666679084301,5,0.0,0.13541666666666666
Diving48,fine-grained motion / pose contrast,VideoMAE,MCG-NJU/videomae-base,diving48-c32-train50-heldout15-videomae-base-frozen-linear-probe,spatial_blur,spatial-blur-mid,appearance,fixed_mid,,0.0010661687701940536,0.0008411109447479248,0.0010036265011876822,0.0011331845307722688,0.07500000298023224,0.05624999850988388,0.01875000074505806,0.0020833334419876337,0.03541666641831398,0.02708333358168602,0.014583333395421505,0.0416666679084301,5,0.002083333333333333,0.32708333333333334
SSV2,motion-oriented,SlowFast R50 8x8,facebookresearch/pytorchvideo:slowfast_r50,ssv2-c50-train100-heldout30-slowfast-r50-8x8-frozen-linear-probe,temporal_shuffle,temporal-shuffle-mid,motion,fixed_mid,,0.22183437645435333,0.2049298882484436,0.21657171845436096,0.22735098004341125,0.33933332562446594,0.1340000033378601,0.20533333718776703,0.18131667375564575,0.2280000001192093,0.23333333432674408,0.2106500118970871,0.2540000081062317,5,0.08533333333333334,0.728
SSV2,motion-oriented,SlowFast R50 8x8,facebookresearch/pytorchvideo:slowfast_r50,ssv2-c50-train100-heldout30-slowfast-r50-8x8-frozen-linear-probe,freeze_tail,freeze-tail-low,motion,curve,low,0.04260170832276344,0.03838801383972168,0.04131299629807472,0.043829213827848434,0.33933332562446594,0.30533334612846375,0.03400000184774399,0.01733333244919777,0.05000000074505806,0.06933332979679108,0.0560000017285347,0.0820000022649765,5,0.009333333333333332,0.42
SSV2,motion-oriented,SlowFast R50 8x8,facebookresearch/pytorchvideo:slowfast_r50,ssv2-c50-train100-heldout30-slowfast-r50-8x8-frozen-linear-probe,freeze_tail,freeze-tail-mid,motion,curve,mid,0.12043344974517822,0.1120712161064148,0.1178697794675827,0.12314054369926453,0.33933332562446594,0.2433333396911621,0.09600000083446503,0.07400000095367432,0.11668334901332855,0.14000000059604645,0.12266666442155838,0.15735001862049103,5,0.036000000000000004,0.5733333333333334
SSV2,motion-oriented,SlowFast R50 8x8,facebookresearch/pytorchvideo:slowfast_r50,ssv2-c50-train100-heldout30-slowfast-r50-8x8-frozen-linear-probe,freeze_tail,freeze-tail-high,motion,curve,high,0.2296980619430542,0.21988674998283386,0.22575578093528748,0.23421114683151245,0.33933332562446594,0.14533333480358124,0.1940000057220459,0.16798333823680878,0.2160000056028366,0.23000000417232513,0.20800000429153442,0.25,5,0.08933333333333333,0.734
SSV2,motion-oriented,SlowFast R50 8x8,facebookresearch/pytorchvideo:slowfast_r50,ssv2-c50-train100-heldout30-slowfast-r50-8x8-frozen-linear-probe,color_transform,color-low,appearance,curve,low,9.482343739364296e-05,7.24494457244873e-05,9.066133497981355e-05,9.896095434669405e-05,0.33933332562446594,0.3413333296775818,-0.0020000000949949026,-0.005333333276212215,0.0013333333190530539,0.0013333333190530539,0.0,0.0033333334140479565,5,-0.0026666666666666505,0.038
SSV2,motion-oriented,SlowFast R50 8x8,facebookresearch/pytorchvideo:slowfast_r50,ssv2-c50-train100-heldout30-slowfast-r50-8x8-frozen-linear-probe,color_transform,color-mid,appearance,curve,mid,0.0020139601547271013,0.0016649961471557617,0.0019443394849076867,0.0020792970899492502,0.33933332562446594,0.3386666774749756,0.0006666666595265269,-0.006666666828095913,0.0073500159196555614,0.009999999776482582,0.005333333276212215,0.014666666276752949,5,-0.0013333333333333253,0.12866666666666668
SSV2,motion-oriented,SlowFast R50 8x8,facebookresearch/pytorchvideo:slowfast_r50,ssv2-c50-train100-heldout30-slowfast-r50-8x8-frozen-linear-probe,color_transform,color-high,appearance,curve,high,0.018532266840338707,0.015332460403442383,0.017895711585879326,0.019137799739837646,0.33933332562446594,0.33399999141693115,0.005333333276212215,-0.0060166665352880955,0.01733333244919777,0.02866666577756405,0.020666666328907013,0.03799999877810478,5,-0.010666666666666658,0.334
SSV2,motion-oriented,SlowFast R50 8x8,facebookresearch/pytorchvideo:slowfast_r50,ssv2-c50-train100-heldout30-slowfast-r50-8x8-frozen-linear-probe,spatial_blur,spatial-blur-mid,appearance,fixed_mid,,0.07613886147737503,0.06990227103233337,0.07420743256807327,0.07813484221696854,0.33933332562446594,0.3386666774749756,0.0006666666595265269,-0.01600000075995922,0.019999999552965164,0.06466666609048843,0.052666667848825455,0.07733333110809326,5,-0.011333333333333334,0.524
UCF101,appearance-rich / context-correlated contrast,SlowFast R50 8x8,facebookresearch/pytorchvideo:slowfast_r50,ucf101-c50-train100-heldout30-slowfast-r50-8x8-frozen-linear-probe,temporal_shuffle,temporal-shuffle-mid,motion,fixed_mid,,0.16136664152145386,0.14540475606918335,0.15680603682994843,0.16617941856384277,0.9940000176429749,0.9480000138282776,0.04600000008940697,0.03533333167433739,0.0573333315551281,0.04866666719317436,0.03799999877810478,0.059333331882953644,5,0.04533333333333334,0.050666666666666665
UCF101,appearance-rich / context-correlated contrast,SlowFast R50 8x8,facebookresearch/pytorchvideo:slowfast_r50,ucf101-c50-train100-heldout30-slowfast-r50-8x8-frozen-linear-probe,freeze_tail,freeze-tail-low,motion,curve,low,0.028714284300804138,0.02458319067955017,0.02774207480251789,0.02990124747157097,0.9940000176429749,0.9906666874885559,0.0033333334140479565,0.0,0.006666666828095913,0.004000000189989805,0.0013333333190530539,0.007333333138376474,5,0.006666666666666599,0.008666666666666666
UCF101,appearance-rich / context-correlated contrast,SlowFast R50 8x8,facebookresearch/pytorchvideo:slowfast_r50,ucf101-c50-train100-heldout30-slowfast-r50-8x8-frozen-linear-probe,freeze_tail,freeze-tail-mid,motion,curve,mid,0.0865124836564064,0.08072444796562195,0.08427808433771133,0.08873642235994339,0.9940000176429749,0.984666645526886,0.009333333000540733,0.0033333334140479565,0.015333333052694798,0.01133333332836628,0.006000000052154064,0.01666666753590107,5,0.014000000000000012,0.017333333333333333
UCF101,appearance-rich / context-correlated contrast,SlowFast R50 8x8,facebookresearch/pytorchvideo:slowfast_r50,ucf101-c50-train100-heldout30-slowfast-r50-8x8-frozen-linear-probe,freeze_tail,freeze-tail-high,motion,curve,high,0.17655333876609802,0.17049762606620789,0.17281050980091095,0.18052035570144653,0.9940000176429749,0.9553333520889282,0.03866666555404663,0.02931666560471058,0.04866666719317436,0.04066666588187218,0.03133333474397659,0.05000000074505806,5,0.05266666666666664,0.056
UCF101,appearance-rich / context-correlated contrast,SlowFast R50 8x8,facebookresearch/pytorchvideo:slowfast_r50,ucf101-c50-train100-heldout30-slowfast-r50-8x8-frozen-linear-probe,color_transform,color-low,appearance,curve,low,6.029097130522132e-05,3.8295984268188477e-05,5.607799903373234e-05,6.494000263046473e-05,0.9940000176429749,0.9940000176429749,0.0,0.0,0.0,0.0,0.0,0.0,5,-0.0006666666666667043,0.0006666666666666666
UCF101,appearance-rich / context-correlated contrast,SlowFast R50 8x8,facebookresearch/pytorchvideo:slowfast_r50,ucf101-c50-train100-heldout30-slowfast-r50-8x8-frozen-linear-probe,color_transform,color-mid,appearance,curve,mid,0.0011803412344306707,0.0008968710899353027,0.001127486932091415,0.0012402357533574104,0.9940000176429749,0.9940000176429749,0.0,-0.0020000000949949026,0.0020000000949949026,0.0006666666595265269,0.0,0.0020000000949949026,5,-0.0006666666666667043,0.0006666666666666666
UCF101,appearance-rich / context-correlated contrast,SlowFast R50 8x8,facebookresearch/pytorchvideo:slowfast_r50,ucf101-c50-train100-heldout30-slowfast-r50-8x8-frozen-linear-probe,color_transform,color-high,appearance,curve,high,0.010949130170047283,0.008623123168945312,0.010504492558538914,0.011421854607760906,0.9940000176429749,0.9940000176429749,0.0,-0.0033333334140479565,0.0033333334140479565,0.0020000000949949026,0.0,0.004666666500270367,5,0.0020000000000000018,0.004
UCF101,appearance-rich / context-correlated contrast,SlowFast R50 8x8,facebookresearch/pytorchvideo:slowfast_r50,ucf101-c50-train100-heldout30-slowfast-r50-8x8-frozen-linear-probe,spatial_blur,spatial-blur-mid,appearance,fixed_mid,,0.06082041561603546,0.05099347233772278,0.05886686220765114,0.06289992481470108,0.9940000176429749,0.9800000190734863,0.014000000432133675,0.00800000037997961,0.02133333310484886,0.01600000075995922,0.009999999776482582,0.02266666665673256,5,0.013333333333333308,0.018666666666666668
Diving48,fine-grained motion / pose contrast,SlowFast R50 8x8,facebookresearch/pytorchvideo:slowfast_r50,diving48-c32-train50-heldout15-slowfast-r50-8x8-frozen-linear-probe,temporal_shuffle,temporal-shuffle-mid,motion,fixed_mid,,0.20533856749534607,0.20351725816726685,0.19795925915241241,0.21219460666179657,0.08958332985639572,0.07083333283662796,0.01875000074505806,-0.010416666977107525,0.050052136182785034,0.07083333283662796,0.049947917461395264,0.09583333134651184,5,0.010416666666666671,0.8666666666666667
Diving48,fine-grained motion / pose contrast,SlowFast R50 8x8,facebookresearch/pytorchvideo:slowfast_r50,diving48-c32-train50-heldout15-slowfast-r50-8x8-frozen-linear-probe,freeze_tail,freeze-tail-low,motion,curve,low,0.045089174062013626,0.03764408826828003,0.0426107682287693,0.04763399809598923,0.08958332985639572,0.08541666716337204,0.004166666883975267,-0.01875000074505806,0.02708333358168602,0.03750000149011612,0.02083333395421505,0.05624999850988388,5,0.008333333333333331,0.6041666666666666
Diving48,fine-grained motion / pose contrast,SlowFast R50 8x8,facebookresearch/pytorchvideo:slowfast_r50,diving48-c32-train50-heldout15-slowfast-r50-8x8-frozen-linear-probe,freeze_tail,freeze-tail-mid,motion,curve,mid,0.13684922456741333,0.11652344465255737,0.1306321769952774,0.14304202795028687,0.08958332985639572,0.08124999701976776,0.008333333767950535,-0.02083333395421505,0.03958333283662796,0.06875000149011612,0.04791666567325592,0.09375,5,0.0,0.7854166666666667
Diving48,fine-grained motion / pose contrast,SlowFast R50 8x8,facebookresearch/pytorchvideo:slowfast_r50,diving48-c32-train50-heldout15-slowfast-r50-8x8-frozen-linear-probe,freeze_tail,freeze-tail-high,motion,curve,high,0.26478034257888794,0.24146044254302979,0.2550428807735443,0.2740529775619507,0.08958332985639572,0.06458333134651184,0.02500000037252903,-0.004166666883975267,0.05624999850988388,0.0729166641831398,0.0520833320915699,0.09791667014360428,5,0.01666666666666667,0.9083333333333333
Diving48,fine-grained motion / pose contrast,SlowFast R50 8x8,facebookresearch/pytorchvideo:slowfast_r50,diving48-c32-train50-heldout15-slowfast-r50-8x8-frozen-linear-probe,color_transform,color-low,appearance,curve,low,3.334122447995469e-05,2.753734588623047e-05,3.1286141165765e-05,3.539184763212688e-05,0.08958332985639572,0.08958332985639572,0.0,-0.0062500000931322575,0.0062500000931322575,0.0020833334419876337,0.0,0.0062500000931322575,5,-0.002083333333333326,0.029166666666666667
Diving48,fine-grained motion / pose contrast,SlowFast R50 8x8,facebookresearch/pytorchvideo:slowfast_r50,diving48-c32-train50-heldout15-slowfast-r50-8x8-frozen-linear-probe,color_transform,color-mid,appearance,curve,mid,0.0009018225246109068,0.0007542669773101807,0.0008539683767594397,0.0009506148635409772,0.08958332985639572,0.09375,-0.004166666883975267,-0.014583333395421505,0.0062500000931322575,0.004166666883975267,0.0,0.010416666977107525,5,-0.002083333333333326,0.15625
Diving48,fine-grained motion / pose contrast,SlowFast R50 8x8,facebookresearch/pytorchvideo:slowfast_r50,diving48-c32-train50-heldout15-slowfast-r50-8x8-frozen-linear-probe,color_transform,color-high,appearance,curve,high,0.009252125397324562,0.00776517391204834,0.008776684291660786,0.009735042229294777,0.08958332985639572,0.09375,-0.004166666883975267,-0.02291666716337204,0.014583333395421505,0.01875000074505806,0.008333333767950535,0.03333333507180214,5,0.004166666666666666,0.38333333333333336
Diving48,fine-grained motion / pose contrast,SlowFast R50 8x8,facebookresearch/pytorchvideo:slowfast_r50,diving48-c32-train50-heldout15-slowfast-r50-8x8-frozen-linear-probe,spatial_blur,spatial-blur-mid,appearance,fixed_mid,,0.005340942647308111,0.004510670900344849,0.0050362092442810535,0.005669468082487583,0.08958332985639572,0.09791667014360428,-0.008333333767950535,-0.02500000037252903,0.0062500000931322575,0.010416666977107525,0.0020833334419876337,0.02083333395421505,5,-0.010416666666666657,0.31666666666666665
SSV2,motion-oriented,DINOv2 frame-mean,facebook/dinov2-base,ssv2-c50-train100-heldout30-dinov2-base-frame-mean-frozen-linear-probe,temporal_shuffle,temporal-shuffle-mid,motion,fixed_mid,,3.794828984382548e-08,0.0,3.524621305928122e-08,4.084904858814298e-08,0.29733332991600037,0.29733332991600037,0.0,0.0,0.0,0.0,0.0,0.0,5,0.0,0.0
SSV2,motion-oriented,DINOv2 frame-mean,facebook/dinov2-base,ssv2-c50-train100-heldout30-dinov2-base-frame-mean-frozen-linear-probe,freeze_tail,freeze-tail-low,motion,curve,low,0.00289666885510087,0.0016747117042541504,0.00271509843878448,0.003085602540522814,0.29733332991600037,0.2993333339691162,-0.0020000000949949026,-0.00800000037997961,0.004000000189989805,0.006666666828095913,0.0026666666381061077,0.010683349333703518,5,0.0006666666666666765,0.08466666666666667
SSV2,motion-oriented,DINOv2 frame-mean,facebook/dinov2-base,ssv2-c50-train100-heldout30-dinov2-base-frame-mean-frozen-linear-probe,freeze_tail,freeze-tail-mid,motion,curve,mid,0.020853504538536072,0.013448148965835571,0.019792139530181885,0.022039102390408516,0.29733332991600037,0.2919999957084656,0.005333333276212215,-0.005333333276212215,0.017999999225139618,0.02866666577756405,0.020666666328907013,0.03799999877810478,5,-0.0013333333333333253,0.21133333333333335
SSV2,motion-oriented,DINOv2 frame-mean,facebook/dinov2-base,ssv2-c50-train100-heldout30-dinov2-base-frame-mean-frozen-linear-probe,freeze_tail,freeze-tail-high,motion,curve,high,0.05514033883810043,0.03741970658302307,0.052383627742528915,0.058008309453725815,0.29733332991600037,0.27666667103767395,0.020666666328907013,0.007983334362506866,0.03466666489839554,0.05000000074505806,0.03999999910593033,0.06066666543483734,5,0.007333333333333331,0.3413333333333333
SSV2,motion-oriented,DINOv2 frame-mean,facebook/dinov2-base,ssv2-c50-train100-heldout30-dinov2-base-frame-mean-frozen-linear-probe,color_transform,color-low,appearance,curve,low,6.195783498696983e-05,4.3511390686035156e-05,5.893636625842191e-05,6.499006849480793e-05,0.29733332991600037,0.2980000078678131,-0.0006666666595265269,-0.0020000000949949026,0.0,0.0,0.0,0.0,5,0.0,0.015333333333333332
SSV2,motion-oriented,DINOv2 frame-mean,facebook/dinov2-base,ssv2-c50-train100-heldout30-dinov2-base-frame-mean-frozen-linear-probe,color_transform,color-mid,appearance,curve,mid,0.0008359329076483846,0.0006528794765472412,0.0008058137609623373,0.0008672301191836596,0.29733332991600037,0.29866665601730347,-0.0013333333190530539,-0.004666666500270367,0.0020000000949949026,0.0020000000949949026,0.0,0.004666666500270367,5,-0.0006666666666666488,0.059333333333333335
SSV2,motion-oriented,DINOv2 frame-mean,facebook/dinov2-base,ssv2-c50-train100-heldout30-dinov2-base-frame-mean-frozen-linear-probe,color_transform,color-high,appearance,curve,high,0.007709059864282608,0.006421595811843872,0.007456422317773104,0.007960837334394455,0.29733332991600037,0.3019999861717224,-0.004666666500270367,-0.012666666880249977,0.0033333334140479565,0.01133333332836628,0.006666666828095913,0.01733333244919777,5,0.0,0.14
SSV2,motion-oriented,DINOv2 frame-mean,facebook/dinov2-base,ssv2-c50-train100-heldout30-dinov2-base-frame-mean-frozen-linear-probe,spatial_blur,spatial-blur-mid,appearance,fixed_mid,,0.04830054193735123,0.04009672999382019,0.04668950289487839,0.049982186406850815,0.29733332991600037,0.2906666696071625,0.006666666828095913,-0.006000000052154064,0.019350016489624977,0.03733333200216293,0.02800000086426735,0.047333333641290665,5,0.01200000000000001,0.336
UCF101,appearance-rich / context-correlated contrast,DINOv2 frame-mean,facebook/dinov2-base,ucf101-c50-train100-heldout30-dinov2-base-frame-mean-frozen-linear-probe,temporal_shuffle,temporal-shuffle-mid,motion,fixed_mid,,3.202756104769833e-08,0.0,2.9484430896786762e-08,3.472964138495627e-08,0.9900000095367432,0.9900000095367432,0.0,0.0,0.0,0.0,0.0,0.0,5,0.0,0.0
UCF101,appearance-rich / context-correlated contrast,DINOv2 frame-mean,facebook/dinov2-base,ucf101-c50-train100-heldout30-dinov2-base-frame-mean-frozen-linear-probe,freeze_tail,freeze-tail-low,motion,curve,low,0.0012163277715444565,0.0007463693618774414,0.001150396536104381,0.001292371074669063,0.9900000095367432,0.9886666536331177,0.0013333333190530539,0.0,0.0033333334140479565,0.0013333333190530539,0.0,0.0033333334140479565,5,0.0006666666666667043,0.0006666666666666666
UCF101,appearance-rich / context-correlated contrast,DINOv2 frame-mean,facebook/dinov2-base,ucf101-c50-train100-heldout30-dinov2-base-frame-mean-frozen-linear-probe,freeze_tail,freeze-tail-mid,motion,curve,mid,0.008163844235241413,0.005482912063598633,0.007723324000835419,0.008622057735919952,0.9900000095367432,0.9900000095367432,0.0,-0.0020000000949949026,0.0020000000949949026,0.0006666666595265269,0.0,0.0020000000949949026,5,-0.0013333333333332975,0.004666666666666667
UCF101,appearance-rich / context-correlated contrast,DINOv2 frame-mean,facebook/dinov2-base,ucf101-c50-train100-heldout30-dinov2-base-frame-mean-frozen-linear-probe,freeze_tail,freeze-tail-high,motion,curve,high,0.021401870995759964,0.015355169773101807,0.020398765802383423,0.022467289119958878,0.9900000095367432,0.987333357334137,0.0026666666381061077,0.0,0.006000000052154064,0.0033333334140479565,0.0006666666595265269,0.006666666828095913,5,0.0013333333333334085,0.005333333333333333
UCF101,appearance-rich / context-correlated contrast,DINOv2 frame-mean,facebook/dinov2-base,ucf101-c50-train100-heldout30-dinov2-base-frame-mean-frozen-linear-probe,color_transform,color-low,appearance,curve,low,5.231436080066487e-05,3.725290298461914e-05,4.920974242850207e-05,5.5828499171184376e-05,0.9900000095367432,0.9900000095367432,0.0,0.0,0.0,0.0,0.0,0.0,5,-0.0006666666666665932,0.0006666666666666666
UCF101,appearance-rich / context-correlated contrast,DINOv2 frame-mean,facebook/dinov2-base,ucf101-c50-train100-heldout30-dinov2-base-frame-mean-frozen-linear-probe,color_transform,color-mid,appearance,curve,mid,0.0007448940305039287,0.0005314648151397705,0.0007069876883178949,0.0007809487287886441,0.9900000095367432,0.9900000095367432,0.0,0.0,0.0,0.0,0.0,0.0,5,0.0,0.0
UCF101,appearance-rich / context-correlated contrast,DINOv2 frame-mean,facebook/dinov2-base,ucf101-c50-train100-heldout30-dinov2-base-frame-mean-frozen-linear-probe,color_transform,color-high,appearance,curve,high,0.007478476036339998,0.005478322505950928,0.007119922433048487,0.00785124208778143,0.9900000095367432,0.9879999756813049,0.0020000000949949026,0.0,0.004666666500270367,0.0020000000949949026,0.0,0.004666666500270367,5,-0.0006666666666665932,0.004666666666666667
UCF101,appearance-rich / context-correlated contrast,DINOv2 frame-mean,facebook/dinov2-base,ucf101-c50-train100-heldout30-dinov2-base-frame-mean-frozen-linear-probe,spatial_blur,spatial-blur-mid,appearance,fixed_mid,,0.03937322646379471,0.0313565731048584,0.037947021424770355,0.04093167185783386,0.9900000095367432,0.9879999756813049,0.0020000000949949026,-0.0013333333190530539,0.006000000052154064,0.004000000189989805,0.0013333333190530539,0.007333333138376474,5,0.004666666666666708,0.01
Diving48,fine-grained motion / pose contrast,DINOv2 frame-mean,facebook/dinov2-base,diving48-c32-train50-heldout15-dinov2-base-frame-mean-frozen-linear-probe,temporal_shuffle,temporal-shuffle-mid,motion,fixed_mid,,3.712872498340403e-08,0.0,3.228585043757448e-08,4.222306415613275e-08,0.08749999850988388,0.08749999850988388,0.0,0.0,0.0,0.0,0.0,0.0,5,0.0,0.0
Diving48,fine-grained motion / pose contrast,DINOv2 frame-mean,facebook/dinov2-base,diving48-c32-train50-heldout15-dinov2-base-frame-mean-frozen-linear-probe,freeze_tail,freeze-tail-low,motion,curve,low,0.0037395900581032038,0.0029675066471099854,0.0034848758950829506,0.00398513488471508,0.08749999850988388,0.08749999850988388,0.0,-0.010416666977107525,0.010416666977107525,0.008333333767950535,0.0020833334419876337,0.01666666753590107,5,0.008333333333333331,0.18333333333333332
Diving48,fine-grained motion / pose contrast,DINOv2 frame-mean,facebook/dinov2-base,diving48-c32-train50-heldout15-dinov2-base-frame-mean-frozen-linear-probe,freeze_tail,freeze-tail-mid,motion,curve,mid,0.024579213932156563,0.01946684718132019,0.022923165932297707,0.026265032589435577,0.08749999850988388,0.10208333283662796,-0.014583333395421505,-0.03333333507180214,0.00213546771556139,0.012500000186264515,0.004166666883975267,0.02291666716337204,5,0.03333333333333333,0.36666666666666664
Diving48,fine-grained motion / pose contrast,DINOv2 frame-mean,facebook/dinov2-base,diving48-c32-train50-heldout15-dinov2-base-frame-mean-frozen-linear-probe,freeze_tail,freeze-tail-high,motion,curve,high,0.06282702088356018,0.051069438457489014,0.059134114533662796,0.06658440083265305,0.08749999850988388,0.10000000149011612,-0.012500000186264515,-0.03541666641831398,0.008333333767950535,0.02500000037252903,0.012500000186264515,0.03958333283662796,5,0.004166666666666666,0.5020833333333333
Diving48,fine-grained motion / pose contrast,DINOv2 frame-mean,facebook/dinov2-base,diving48-c32-train50-heldout15-dinov2-base-frame-mean-frozen-linear-probe,color_transform,color-low,appearance,curve,low,4.1100505768554285e-05,3.266334533691406e-05,3.815406671492383e-05,4.4358257582644e-05,0.08749999850988388,0.09166666865348816,-0.004166666883975267,-0.010416666977107525,0.0,0.0,0.0,0.0,5,0.0,0.020833333333333332
Diving48,fine-grained motion / pose contrast,DINOv2 frame-mean,facebook/dinov2-base,diving48-c32-train50-heldout15-dinov2-base-frame-mean-frozen-linear-probe,color_transform,color-mid,appearance,curve,mid,0.0006475391564890742,0.0005998611450195312,0.000621928134933114,0.0006741789984516799,0.08749999850988388,0.09375,-0.0062500000931322575,-0.014583333395421505,0.0,0.0,0.0,0.0,5,0.0,0.06875
Diving48,fine-grained motion / pose contrast,DINOv2 frame-mean,facebook/dinov2-base,diving48-c32-train50-heldout15-dinov2-base-frame-mean-frozen-linear-probe,color_transform,color-high,appearance,curve,high,0.006582817994058132,0.00606045126914978,0.0063385264948010445,0.006844909396022558,0.08749999850988388,0.09375,-0.0062500000931322575,-0.01875000074505806,0.0062500000931322575,0.0062500000931322575,0.0,0.014583333395421505,5,0.010416666666666671,0.20833333333333334
Diving48,fine-grained motion / pose contrast,DINOv2 frame-mean,facebook/dinov2-base,diving48-c32-train50-heldout15-dinov2-base-frame-mean-frozen-linear-probe,spatial_blur,spatial-blur-mid,appearance,fixed_mid,,0.0033294889144599438,0.0025350451469421387,0.003110632998868823,0.0035735066048800945,0.08749999850988388,0.08541666716337204,0.0020833334419876337,-0.010416666977107525,0.01666666753590107,0.010416666977107525,0.0020833334419876337,0.02083333395421505,5,0.004166666666666666,0.11041666666666666
HMDB51,action-recognition,V-JEPA2,facebook/vjepa2-vitl-fpc64-256,hmdb51-full-split1-vjepa2-vitl-fpc64-256-frozen-linear-probe,temporal_shuffle,temporal-shuffle-mid,motion,fixed_mid,,0.09065679460763931,0.08733195066452026,0.08897920697927475,0.0924597904086113,0.6279527544975281,0.443569540977478,0.18438319861888885,0.16076114773750305,0.2106299251317978,0.23228345811367035,0.21258202195167542,0.25262466073036194,5,0.05183727034120733,0.44816272965879267
HMDB51,action-recognition,V-JEPA2,facebook/vjepa2-vitl-fpc64-256,hmdb51-full-split1-vjepa2-vitl-fpc64-256-frozen-linear-probe,freeze_tail,freeze-tail-low,motion,curve,low,0.0170750729739666,0.010702431201934814,0.016172433272004128,0.018020257353782654,0.6279527544975281,0.6036745309829712,0.024278216063976288,0.009169947355985641,0.040682416409254074,0.06299212574958801,0.051837269216775894,0.07547573745250702,5,0.003937007874015741,0.24343832020997375
HMDB51,action-recognition,V-JEPA2,facebook/vjepa2-vitl-fpc64-256,hmdb51-full-split1-vjepa2-vitl-fpc64-256-frozen-linear-probe,freeze_tail,freeze-tail-mid,motion,curve,mid,0.03981686383485794,0.03141379356384277,0.038308463990688324,0.04136510193347931,0.6279527544975281,0.5544619560241699,0.07349081337451935,0.0544455386698246,0.09383202344179153,0.11811023950576782,0.1030183732509613,0.1351706087589264,5,0.053149606299212615,0.35826771653543305
HMDB51,action-recognition,V-JEPA2,facebook/vjepa2-vitl-fpc64-256,hmdb51-full-split1-vjepa2-vitl-fpc64-256-frozen-linear-probe,freeze_tail,freeze-tail-high,motion,curve,high,0.08877693861722946,0.0788949728012085,0.08651455491781235,0.09126810729503632,0.6279527544975281,0.4527558982372284,0.17519685626029968,0.15223097801208496,0.20078739523887634,0.21128608286380768,0.19092847406864166,0.2335958033800125,5,0.1043307086614173,0.5013123359580053
HMDB51,action-recognition,V-JEPA2,facebook/vjepa2-vitl-fpc64-256,hmdb51-full-split1-vjepa2-vitl-fpc64-256-frozen-linear-probe,color_transform,color-low,appearance,curve,low,3.719603773788549e-05,2.917647361755371e-05,3.56177770299837e-05,3.887228012899868e-05,0.6279527544975281,0.6286089420318604,-0.0006561679765582085,-0.003937007859349251,0.0019685039296746254,0.001312335953116417,0.0,0.0032808398827910423,5,0.0,0.015091863517060367
HMDB51,action-recognition,V-JEPA2,facebook/vjepa2-vitl-fpc64-256,hmdb51-full-split1-vjepa2-vitl-fpc64-256-frozen-linear-probe,color_transform,color-mid,appearance,curve,mid,0.0009897627169266343,0.0008868873119354248,0.0009674413013271987,0.0010141192469745874,0.6279527544975281,0.6318897604942322,-0.003937007859349251,-0.011811023578047752,0.0032808398827910423,0.009842519648373127,0.005249343812465668,0.015091863460838795,5,0.0059055118110236116,0.08005249343832022
HMDB51,action-recognition,V-JEPA2,facebook/vjepa2-vitl-fpc64-256,hmdb51-full-split1-vjepa2-vitl-fpc64-256-frozen-linear-probe,color_transform,color-high,appearance,curve,high,0.012507947161793709,0.011467993259429932,0.01223986130207777,0.012782399542629719,0.6279527544975281,0.6056430339813232,0.022309711202979088,0.006561679765582085,0.03807416558265686,0.05839895084500313,0.047883860766887665,0.07088256627321243,5,0.0059055118110236116,0.24606299212598426
HMDB51,action-recognition,V-JEPA2,facebook/vjepa2-vitl-fpc64-256,hmdb51-full-split1-vjepa2-vitl-fpc64-256-frozen-linear-probe,spatial_blur,spatial-blur-mid,appearance,fixed_mid,,0.14703641831874847,0.14486223459243774,0.14513815939426422,0.14898572862148285,0.6279527544975281,0.4875327944755554,0.14041994512081146,0.11546915769577026,0.16338582336902618,0.18766404688358307,0.16797900199890137,0.2067093402147293,5,0.18438320209973752,0.6751968503937008
HMDB51,action-recognition,VideoMAE,MCG-NJU/videomae-base,hmdb51-full-split1-videomae-base-frozen-linear-probe,freeze_tail,freeze-tail-low,motion,curve,low,0.00046587345423176885,0.00017505884170532227,0.0004257371765561402,0.0005053864442743361,0.35958003997802734,0.3484252095222473,0.011154855601489544,0.0006561679765582085,0.021653544157743454,0.028871390968561172,0.020980970934033394,0.03740157559514046,5,0.013779527559055121,0.255249343832021
HMDB51,action-recognition,VideoMAE,MCG-NJU/videomae-base,hmdb51-full-split1-videomae-base-frozen-linear-probe,freeze_tail,freeze-tail-mid,motion,curve,mid,0.002480620052665472,0.0012264847755432129,0.0023037027567625046,0.002662170445546508,0.35958003997802734,0.32020998001098633,0.03937007859349251,0.023622047156095505,0.05708661302924156,0.06955380737781525,0.05643044784665108,0.08398950099945068,5,0.031496062992125984,0.47244094488188976
HMDB51,action-recognition,VideoMAE,MCG-NJU/videomae-base,hmdb51-full-split1-videomae-base-frozen-linear-probe,freeze_tail,freeze-tail-high,motion,curve,high,0.00687139667570591,0.0038160979747772217,0.006429756060242653,0.007339701056480408,0.35958003997802734,0.2532808482646942,0.10629921406507492,0.0872703418135643,0.1266404241323471,0.14107611775398254,0.12467191368341446,0.16010499000549316,5,0.04658792650918635,0.6325459317585301
HMDB51,action-recognition,VideoMAE,MCG-NJU/videomae-base,hmdb51-full-split1-videomae-base-frozen-linear-probe,color_transform,color-low,appearance,curve,low,1.7929108935277327e-06,1.3113021850585938e-06,1.6959398863036768e-06,1.8888140402850695e-06,0.35958003997802734,0.35826772451400757,0.001312335953116417,-0.001312335953116417,0.003937007859349251,0.0019685039296746254,0.0,0.004593175835907459,5,-0.0006561679790026143,0.013779527559055118
HMDB51,action-recognition,VideoMAE,MCG-NJU/videomae-base,hmdb51-full-split1-videomae-base-frozen-linear-probe,color_transform,color-mid,appearance,curve,mid,5.050601976108737e-05,4.392862319946289e-05,4.911243013339117e-05,5.185317786526866e-05,0.35958003997802734,0.35170602798461914,0.007874015718698502,0.0,0.015748031437397003,0.015748031437397003,0.009842519648373127,0.022309711202979088,5,0.0006561679790026143,0.09055118110236221
HMDB51,action-recognition,VideoMAE,MCG-NJU/videomae-base,hmdb51-full-split1-videomae-base-frozen-linear-probe,color_transform,color-high,appearance,curve,high,0.000487316312501207,0.0004334747791290283,0.0004760411102324724,0.0004984927945770323,0.35958003997802734,0.32349082827568054,0.03608923777937889,0.02099737524986267,0.051853690296411514,0.06692913174629211,0.055774278938770294,0.0793963223695755,5,-0.0013123359580052563,0.23753280839895013
HMDB51,action-recognition,VideoMAE,MCG-NJU/videomae-base,hmdb51-full-split1-videomae-base-frozen-linear-probe,spatial_blur,spatial-blur-mid,appearance,fixed_mid,,0.009105989709496498,0.008738785982131958,0.008958263322710991,0.009249210357666016,0.35958003997802734,0.21587926149368286,0.14370079338550568,0.12139107286930084,0.16732282936573029,0.187007874250412,0.16796259582042694,0.2066929191350937,5,0.06824146981627296,0.791994750656168
HMDB51,action-recognition,VideoMAE,MCG-NJU/videomae-base,hmdb51-full-split1-videomae-base-frozen-linear-probe,temporal_shuffle,temporal-shuffle-mid,motion,fixed_mid,,0.014282929711043835,0.006001114845275879,0.013334322720766068,0.015345797874033451,0.35958003997802734,0.2099737524986267,0.14960630238056183,0.12598425149917603,0.17519685626029968,0.19160105288028717,0.17257218062877655,0.21261484920978546,5,0.039370078740157466,0.6023622047244095
Kinetics,large-scale web-video,VideoMAE,MCG-NJU/videomae-base,kinetics-c50-train100-heldout30-videomae-base-frozen-linear-probe,freeze_tail,freeze-tail-low,motion,curve,low,0.0006569630932062864,0.0002484321594238281,0.0005965574528090656,0.0007215691148303449,0.4573333263397217,0.4673333466053009,-0.009999999776482582,-0.020016666501760483,-0.0013333333190530539,0.012000000104308128,0.006666666828095913,0.01733333244919777,5,0.0013333333333333253,0.29533333333333334
Kinetics,large-scale web-video,VideoMAE,MCG-NJU/videomae-base,kinetics-c50-train100-heldout30-videomae-base-frozen-linear-probe,freeze_tail,freeze-tail-mid,motion,curve,mid,0.003292545909062028,0.0017040073871612549,0.0030296887271106243,0.0035611195489764214,0.4573333263397217,0.4566666781902313,0.0006666666595265269,-0.014000000432133675,0.015333333052694798,0.04600000008940697,0.03598333150148392,0.05666666850447655,5,0.001999999999999974,0.548
Kinetics,large-scale web-video,VideoMAE,MCG-NJU/videomae-base,kinetics-c50-train100-heldout30-videomae-base-frozen-linear-probe,freeze_tail,freeze-tail-high,motion,curve,high,0.008684515953063965,0.005123168230056763,0.008112674579024315,0.009308471344411373,0.4573333263397217,0.42933332920074463,0.02800000086426735,0.008666666224598885,0.04668334871530533,0.0833333358168602,0.0699833333492279,0.09733333438634872,5,0.026666666666666644,0.694
Kinetics,large-scale web-video,VideoMAE,MCG-NJU/videomae-base,kinetics-c50-train100-heldout30-videomae-base-frozen-linear-probe,color_transform,color-low,appearance,curve,low,1.6405184624090907e-06,1.0728836059570312e-06,1.4390011529030744e-06,1.9655738014989765e-06,0.4573333263397217,0.4580000042915344,-0.0006666666595265269,-0.004000000189989805,0.0026666666381061077,0.0020000000949949026,0.0,0.004666666500270367,5,0.0006666666666666488,0.014666666666666666
Kinetics,large-scale web-video,VideoMAE,MCG-NJU/videomae-base,kinetics-c50-train100-heldout30-videomae-base-frozen-linear-probe,color_transform,color-mid,appearance,curve,mid,3.950703103328124e-05,3.120303153991699e-05,3.74228366126772e-05,4.2003870476037264e-05,0.4573333263397217,0.4560000002384186,0.0013333333190530539,-0.006666666828095913,0.009999999776482582,0.012000000104308128,0.006666666828095913,0.017999999225139618,5,0.001999999999999974,0.07866666666666666
Kinetics,large-scale web-video,VideoMAE,MCG-NJU/videomae-base,kinetics-c50-train100-heldout30-videomae-base-frozen-linear-probe,color_transform,color-high,appearance,curve,high,0.00035657730768434703,0.00029459595680236816,0.00034389656502753496,0.0003697724605444819,0.4573333263397217,0.4466666579246521,0.01066666655242443,-0.0033333334140479565,0.025333333760499954,0.04399999976158142,0.03333333507180214,0.05468335002660751,5,0.011333333333333334,0.20333333333333334
Kinetics,large-scale web-video,VideoMAE,MCG-NJU/videomae-base,kinetics-c50-train100-heldout30-videomae-base-frozen-linear-probe,spatial_blur,spatial-blur-mid,appearance,fixed_mid,,0.002633898053318262,0.0017281770706176758,0.002471711952239275,0.0027883073780685663,0.4573333263397217,0.4320000112056732,0.025333333760499954,0.01066666655242443,0.04066666588187218,0.0573333315551281,0.04533333331346512,0.06933332979679108,5,0.01533333333333331,0.5353333333333333
Kinetics,large-scale web-video,VideoMAE,MCG-NJU/videomae-base,kinetics-c50-train100-heldout30-videomae-base-frozen-linear-probe,temporal_shuffle,temporal-shuffle-mid,motion,fixed_mid,,0.018077069893479347,0.00810733437538147,0.01691136322915554,0.01927983947098255,0.4573333263397217,0.30933332443237305,0.14800000190734863,0.12665000557899475,0.1720166951417923,0.1913333386182785,0.17266666889190674,0.21201668679714203,5,0.01733333333333331,0.6786666666666666
Kinetics,large-scale web-video,DisMo,motion_extractor_large,kinetics-c50-train100-heldout30-dismo-motion-extractor-large-frozen-linear-probe,freeze_tail,freeze-tail-low,motion,curve,low,0.0033620307222008705,0.0028582215309143066,0.0032238897401839495,0.0035181394778192043,0.34599998593330383,0.32733333110809326,0.018666666001081467,0.00931666698306799,0.02866666577756405,0.030666666105389595,0.02199999988079071,0.03868334740400314,5,0.005333333333333329,0.21666666666666667
Kinetics,large-scale web-video,DisMo,motion_extractor_large,kinetics-c50-train100-heldout30-dismo-motion-extractor-large-frozen-linear-probe,freeze_tail,freeze-tail-mid,motion,curve,mid,0.054438721388578415,0.04589360952377319,0.052450280636548996,0.056465983390808105,0.34599998593330383,0.30799999833106995,0.03799999877810478,0.019333332777023315,0.05666666850447655,0.09133332967758179,0.07733333110809326,0.10599999874830246,5,0.07733333333333334,0.7226666666666667
Kinetics,large-scale web-video,DisMo,motion_extractor_large,kinetics-c50-train100-heldout30-dismo-motion-extractor-large-frozen-linear-probe,freeze_tail,freeze-tail-high,motion,curve,high,0.1711805760860443,0.14410603046417236,0.1650826632976532,0.17737069725990295,0.34599998593330383,0.21400000154972076,0.13199999928474426,0.10665000230073929,0.15733332931995392,0.1966666728258133,0.17666666209697723,0.2173333317041397,5,0.11533333333333333,0.876
Kinetics,large-scale web-video,DisMo,motion_extractor_large,kinetics-c50-train100-heldout30-dismo-motion-extractor-large-frozen-linear-probe,color_transform,color-low,appearance,curve,low,2.9903530958108604e-05,1.8864870071411133e-05,2.695835428312421e-05,3.385414311196655e-05,0.34599998593330383,0.3453333377838135,0.0006666666595265269,-0.0026666666381061077,0.004016682971268892,0.0026666666381061077,0.0006500002346001565,0.005333333276212215,5,-0.0013333333333333253,0.02266666666666667
Kinetics,large-scale web-video,DisMo,motion_extractor_large,kinetics-c50-train100-heldout30-dismo-motion-extractor-large-frozen-linear-probe,color_transform,color-mid,appearance,curve,mid,0.000572068674955517,0.000453948974609375,0.000546035822480917,0.0006009693024680018,0.34599998593330383,0.34466665983200073,0.0013333333190530539,-0.006666666828095913,0.009999999776482582,0.014000000432133675,0.008666666224598885,0.020016683265566826,5,-0.003333333333333327,0.09933333333333333
Kinetics,large-scale web-video,DisMo,motion_extractor_large,kinetics-c50-train100-heldout30-dismo-motion-extractor-large-frozen-linear-probe,color_transform,color-high,appearance,curve,high,0.005476591642946005,0.004541248083114624,0.005274706520140171,0.005673547275364399,0.34599998593330383,0.32866665720939636,0.01733333244919777,0.0033333334140479565,0.03266666829586029,0.05133333429694176,0.04066666588187218,0.06333333253860474,5,0.0006666666666666488,0.272
Kinetics,large-scale web-video,DisMo,motion_extractor_large,kinetics-c50-train100-heldout30-dismo-motion-extractor-large-frozen-linear-probe,spatial_blur,spatial-blur-mid,appearance,fixed_mid,,0.008973232470452785,0.005927681922912598,0.008502837270498276,0.009451874531805515,0.34599998593330383,0.3293333351612091,0.01666666753590107,0.004000000189989805,0.02866666577756405,0.03933333232998848,0.029333332553505898,0.04866666719317436,5,-0.006666666666666682,0.3006666666666667
Kinetics,large-scale web-video,DisMo,motion_extractor_large,kinetics-c50-train100-heldout30-dismo-motion-extractor-large-frozen-linear-probe,temporal_shuffle,temporal-shuffle-mid,motion,fixed_mid,,0.37727826833724976,0.3380833566188812,0.3656856119632721,0.3893410265445709,0.34599998593330383,0.23866666853427887,0.10733333230018616,0.08531666547060013,0.13135002553462982,0.1679999977350235,0.14933332800865173,0.18666666746139526,5,0.09466666666666666,0.8793333333333333
Kinetics,large-scale web-video,V-JEPA2,facebook/vjepa2-vitl-fpc64-256,kinetics-c50-train100-heldout30-vjepa2-vitl-fpc64-256-frozen-linear-probe,freeze_tail,freeze-tail-low,motion,curve,low,0.019218510016798973,0.013554126024246216,0.018177680671215057,0.020342379808425903,0.7179999947547913,0.7013333439826965,0.01666666753590107,0.0033333334140479565,0.029333332553505898,0.04266666620969772,0.03266666829586029,0.052666667848825455,5,0.0086666666666666,0.2793333333333333
Kinetics,large-scale web-video,V-JEPA2,facebook/vjepa2-vitl-fpc64-256,kinetics-c50-train100-heldout30-vjepa2-vitl-fpc64-256-frozen-linear-probe,freeze_tail,freeze-tail-mid,motion,curve,mid,0.04479701817035675,0.035195887088775635,0.04307548329234123,0.046559952199459076,0.7179999947547913,0.6919999718666077,0.026000000536441803,0.01066666655242443,0.04266666620969772,0.06400000303983688,0.052666667848825455,0.07668334990739822,5,0.01733333333333331,0.36933333333333335
Kinetics,large-scale web-video,V-JEPA2,facebook/vjepa2-vitl-fpc64-256,kinetics-c50-train100-heldout30-vjepa2-vitl-fpc64-256-frozen-linear-probe,freeze_tail,freeze-tail-high,motion,curve,high,0.09524600207805634,0.08270034193992615,0.09263048321008682,0.09817618131637573,0.7179999947547913,0.6240000128746033,0.09399999678134918,0.07466666400432587,0.11400000005960464,0.1366666704416275,0.11999999731779099,0.15399999916553497,5,0.03866666666666663,0.466
Kinetics,large-scale web-video,V-JEPA2,facebook/vjepa2-vitl-fpc64-256,kinetics-c50-train100-heldout30-vjepa2-vitl-fpc64-256-frozen-linear-probe,color_transform,color-low,appearance,curve,low,3.760608160519041e-05,2.9265880584716797e-05,3.580706106731668e-05,3.972344711655751e-05,0.7179999947547913,0.7179999947547913,0.0,-0.0020000000949949026,0.0020000000949949026,0.0006666666595265269,0.0,0.0020000000949949026,5,-0.0013333333333332975,0.02
Kinetics,large-scale web-video,V-JEPA2,facebook/vjepa2-vitl-fpc64-256,kinetics-c50-train100-heldout30-vjepa2-vitl-fpc64-256-frozen-linear-probe,color_transform,color-mid,appearance,curve,mid,0.0008352414006367326,0.0007294714450836182,0.0008136422256939113,0.0008586045005358756,0.7179999947547913,0.722000002861023,-0.004000000189989805,-0.009999999776482582,0.0020000000949949026,0.005333333276212215,0.0020000000949949026,0.009333333000540733,5,0.002666666666666595,0.08333333333333333
Kinetics,large-scale web-video,V-JEPA2,facebook/vjepa2-vitl-fpc64-256,kinetics-c50-train100-heldout30-vjepa2-vitl-fpc64-256-frozen-linear-probe,color_transform,color-high,appearance,curve,high,0.009484509937465191,0.008202284574508667,0.009232976473867893,0.009755304083228111,0.7179999947547913,0.7133333086967468,0.004666666500270367,-0.006666666828095913,0.015333333052694798,0.0273333340883255,0.019333332777023315,0.035999998450279236,5,-0.0033333333333332993,0.20733333333333334
Kinetics,large-scale web-video,V-JEPA2,facebook/vjepa2-vitl-fpc64-256,kinetics-c50-train100-heldout30-vjepa2-vitl-fpc64-256-frozen-linear-probe,spatial_blur,spatial-blur-mid,appearance,fixed_mid,,0.09885008633136749,0.09481009840965271,0.09636102616786957,0.10141114145517349,0.7179999947547913,0.6706666946411133,0.047333333641290665,0.030649999156594276,0.06400000303983688,0.0860000029206276,0.07333333045244217,0.09933333098888397,5,0.11533333333333329,0.5466666666666666
Kinetics,large-scale web-video,V-JEPA2,facebook/vjepa2-vitl-fpc64-256,kinetics-c50-train100-heldout30-vjepa2-vitl-fpc64-256-frozen-linear-probe,temporal_shuffle,temporal-shuffle-mid,motion,fixed_mid,,0.08542802929878235,0.07948815822601318,0.08352649211883545,0.08741114288568497,0.7179999947547913,0.515999972820282,0.20200000703334808,0.17933332920074463,0.2253333330154419,0.23333333432674408,0.2133166790008545,0.25468334555625916,5,0.09266666666666667,0.46066666666666667
